sigma,gain,specification,moment,mean,monte_carlo_se,mean_ci_low,mean_ci_high,paired_difference_from_re,paired_ci_low,paired_ci_high,paired_draws,rms_path_distance_from_re
1,0.002,RE,sigma_y,1.07096398372715,0.00163339309706199,1.06776253325691,1.07416543419739,0,0,0,5000,0
1,0.002,RE,sigma_c_over_y,0.536425847100945,0.000150752630577418,0.536130371945014,0.536721322256877,0,0,0,5000,0
1,0.002,RE,sigma_i_over_y,2.42610757482661,0.00027385176023008,2.42557082537656,2.42664432427666,0,0,0,5000,0
1,0.002,RE,sigma_h_over_y,0.493770492089393,7.8729361425501e-05,0.493616182540999,0.493924801637787,0,0,0,5000,0
1,0.002,RE,rho_dc,0.0820993733284764,0.0012358622885374,0.0796770832429431,0.0845216634140097,0,0,0,5000,0
1,0.002,RE,rho_dy,-0.00347036958482651,0.00109146555756583,-0.00560964207765555,-0.00133109709199748,0,0,0,5000,0
1,0.002,RE,rho_di,-0.0295136007260639,0.00107121894745241,-0.0316131898630706,-0.0274140115890572,0,0,0,5000,0
1,0.002,RE,rho_wage_fe,-0.00494976161140763,0.00109227855973992,-0.00709062758849788,-0.00280889563431738,0,0,0,5000,0
1,0.002,archive,sigma_y,1.07087932833956,0.00163407169871951,1.06767654781007,1.07408210886905,-8.46553875936968e-05,-0.000107833364365289,-6.14584159564469e-05,5000,0.0033419174763101
1,0.002,archive,sigma_c_over_y,0.536463590412436,0.000149427474040105,0.536170712563317,0.536756468261554,3.7743311490634e-05,2.00659366171195e-05,5.64148844034294e-05,5000,0.0033419174763101
1,0.002,archive,sigma_i_over_y,2.4258305130562,0.000271728896156649,2.42529792441973,2.42636310169266,-0.000277061770417346,-0.000339956915880705,-0.00021203518107266,5000,0.0033419174763101
1,0.002,archive,sigma_h_over_y,0.493661693768899,7.84274816591698e-05,0.493507975904847,0.493815411632951,-0.00010879832049396,-0.000131163782408351,-8.55191406559066e-05,5000,0.0033419174763101
1,0.002,archive,rho_dc,0.0817828050278775,0.0012366033587248,0.0793590624447769,0.0842065476109781,-0.000316568300598922,-0.000326035695983967,-0.000306656453889191,5000,0.0033419174763101
1,0.002,archive,rho_dy,-0.00322732309430043,0.00109160578623497,-0.00536687043532098,-0.00108777575327988,0.00024304649052609,0.0002407895341489,0.000245488301014141,5000,0.0033419174763101
1,0.002,archive,rho_di,-0.0289880989831605,0.00107146438235906,-0.0310881691725842,-0.0268880287937367,0.000525501742903425,0.000520968560572329,0.000530029965509078,5000,0.0033419174763101
1,0.002,archive,rho_wage_fe,0.0014473073976552,0.0010891495201515,-0.00068742566184174,0.00358204045715213,0.00639706900906282,0.0061519833473902,0.00666927503130415,5000,0.0033419174763101
1,0.002,wage_proxy,sigma_y,1.07186330994613,0.0016995387146233,1.06853221406547,1.07519440582679,0.000899326218980468,0.000110473684437025,0.001722480104018,5000,0.121422327964398
1,0.002,wage_proxy,sigma_c_over_y,0.536190774551578,0.000356318351801468,0.535492390582047,0.536889158521109,-0.000235072549367153,-0.000881955108368205,0.000407561292329397,5000,0.121422327964398
1,0.002,wage_proxy,sigma_i_over_y,2.42612157136041,0.00116998096696384,2.42382840866516,2.42841473405566,1.39965337963734e-05,-0.0021979684766667,0.00218044191052508,5000,0.121422327964398
1,0.002,wage_proxy,sigma_h_over_y,0.493615491849507,0.000405309623429157,0.492821084987586,0.494409898711428,-0.000155000239886206,-0.000956805847396429,0.000646032627069896,5000,0.121422327964398
1,0.002,wage_proxy,rho_dc,0.0792397153489957,0.00126387030267878,0.0767625295557453,0.0817169011422461,-0.00285965797948074,-0.00321590828440471,-0.0025183460260982,5000,0.121422327964398
1,0.002,wage_proxy,rho_dy,-0.000284539516051931,0.00109300567168194,-0.00242683063254854,0.00185775160044468,0.00318583006877459,0.00312849320976802,0.00324256369438068,5000,0.121422327964398
1,0.002,wage_proxy,rho_di,-0.0223605292623856,0.00107464743995141,-0.0244668382446903,-0.0202542202800808,0.00715307146367832,0.00704897017060038,0.00725700595951604,5000,0.121422327964398
1,0.002,wage_proxy,rho_wage_fe,-0.00138438391709721,0.00109322717641937,-0.00352710918287916,0.00075834134868475,0.00356537769431042,0.00344040958749003,0.00368197669621645,5000,0.121422327964398
1,0.002,paper,sigma_y,1.0722961494011,0.00170026239516814,1.06896363510657,1.07562866369563,0.00133216567394943,0.00052009182533092,0.00217041701318836,5000,0.121577024755947
1,0.002,paper,sigma_c_over_y,0.535843070794568,0.000356354802560263,0.535144615381549,0.536541526207586,-0.00058277630637738,-0.00121557792703453,5.16481227239117e-05,5000,0.121577024755947
1,0.002,paper,sigma_i_over_y,2.42732937289727,0.00117027535728922,2.42503563319698,2.42962311259755,0.00122179807065679,-0.00095968458399166,0.00341091281286392,5000,0.121577024755947
1,0.002,paper,sigma_h_over_y,0.494035769454347,0.000405407283056394,0.493241171179557,0.494830367729138,0.000265277364954035,-0.000508810494762115,0.00107615609048821,5000,0.121577024755947
1,0.002,paper,rho_dc,0.0794209456924654,0.00126428451622417,0.0769429480406661,0.0818989433442648,-0.00267842763601098,-0.00302585655262459,-0.00233414362708761,5000,0.121577024755947
1,0.002,paper,rho_dy,-0.000309186249962348,0.00109297637506687,-0.00245141994509342,0.00183304744516872,0.00316118333486417,0.00310522030680781,0.00321657915600121,5000,0.121577024755947
1,0.002,paper,rho_di,-0.0224015403822839,0.00107462230644889,-0.0245078001029238,-0.0202952806616441,0.00711206034377994,0.00701094158843701,0.00721426814003235,5000,0.121577024755947
1,0.002,paper,rho_wage_fe,-0.00161676403079638,0.00116097575170758,-0.00389227650414323,0.000658748442550464,0.00333299758061124,0.00269140895972589,0.00400656219015713,5000,0.121577024755947
1,0.04,RE,sigma_y,1.07096398372715,0.00163339309706199,1.06776253325691,1.07416543419739,0,0,0,5000,0
1,0.04,RE,sigma_c_over_y,0.536425847100945,0.000150752630577418,0.536130371945014,0.536721322256877,0,0,0,5000,0
1,0.04,RE,sigma_i_over_y,2.42610757482661,0.00027385176023008,2.42557082537656,2.42664432427666,0,0,0,5000,0
1,0.04,RE,sigma_h_over_y,0.493770492089393,7.8729361425501e-05,0.493616182540999,0.493924801637787,0,0,0,5000,0
1,0.04,RE,rho_dc,0.0820993733284764,0.0012358622885374,0.0796770832429431,0.0845216634140097,0,0,0,5000,0
1,0.04,RE,rho_dy,-0.00347036958482651,0.00109146555756583,-0.00560964207765555,-0.00133109709199748,0,0,0,5000,0
1,0.04,RE,rho_di,-0.0295136007260639,0.00107121894745241,-0.0316131898630706,-0.0274140115890572,0,0,0,5000,0
1,0.04,RE,rho_wage_fe,-0.00494976161140763,0.00109227855973992,-0.00709062758849788,-0.00280889563431738,0,0,0,5000,0
1,0.04,archive,sigma_y,1.07081318713179,0.00164972047818637,1.06757973499455,1.07404663926904,-0.000150796595357858,-0.000229054042544514,-6.76896659587064e-05,5000,0.0198721364222879
1,0.04,archive,sigma_c_over_y,0.536124611077718,0.000135967301013653,0.535858115167732,0.536391106987705,-0.000301236023226664,-0.000368956812405479,-0.000235965211652894,5000,0.0198721364222879
1,0.04,archive,sigma_i_over_y,2.4249551390574,0.000247735245311998,2.42446957797659,2.42544070013821,-0.00115243576921111,-0.0014099203696909,-0.000918295080543785,5000,0.0198721364222879
1,0.04,archive,sigma_h_over_y,0.493185680290876,7.501808353575e-05,0.493038644847146,0.493332715734606,-0.000584811798516765,-0.00066856366382977,-0.000499049800250021,5000,0.0198721364222879
1,0.04,archive,rho_dc,0.0762284530248021,0.00124278952566099,0.0737925855545065,0.0786643204950976,-0.00587092030367428,-0.0059052611892991,-0.00583584337515249,5000,0.0198721364222879
1,0.04,archive,rho_dy,0.00133206319231025,0.00109308851187926,-0.000810390290973105,0.00347451667559361,0.00480243277713677,0.00477701827376794,0.00482757401813381,5000,0.0198721364222879
1,0.04,archive,rho_di,-0.0190390434597688,0.00107462905874681,-0.0211453164149126,-0.0169327705046251,0.010474557266295,0.0104196258607568,0.0105353453267987,5000,0.0198721364222879
1,0.04,archive,rho_wage_fe,0.0923952008691869,0.000975222439226896,0.0904837648883022,0.0943066368500716,0.0973449624805945,0.0964899311528864,0.0982171478752662,5000,0.0198721364222879
1,0.04,wage_proxy,sigma_y,1.08654225412412,0.00297548271159767,1.08071030800939,1.09237420023885,0.015672858901875,0.0112555045031127,0.0198315051820868,4958,0.865949752950418
1,0.04,wage_proxy,sigma_c_over_y,0.547732346050015,0.00194082503238714,0.543928328986536,0.551536363113494,0.0112862703949759,0.00769831503055085,0.0153037670841364,4958,0.865949752950418
1,0.04,wage_proxy,sigma_i_over_y,2.4460242723809,0.00581156800293782,2.43463359909514,2.45741494566665,0.0199484627510929,0.00839257590445062,0.0315518490949547,4958,0.865949752950418
1,0.04,wage_proxy,sigma_h_over_y,0.508094551637644,0.00182475082787174,0.504518040015016,0.511671063260273,0.0143319673540311,0.0105574839567161,0.0179152290968661,4958,0.865949752950418
1,0.04,wage_proxy,rho_dc,0.0319282827060734,0.00170265641914496,0.0285910761245493,0.0352654892875976,-0.0502132751344859,-0.0518576181179959,-0.0485507302813521,4958,0.865949752950418
1,0.04,wage_proxy,rho_dy,0.0563676755241059,0.00115736951902872,0.0540992312668096,0.0586361197814022,0.0598509360969611,0.0590433207959447,0.0607412007133079,4958,0.865949752950418
1,0.04,wage_proxy,rho_di,0.112770751162264,0.00128870874767121,0.110244882016829,0.1152966203077,0.142315145654334,0.140550520644366,0.144013139975189,4958,0.865949752950418
1,0.04,wage_proxy,rho_wage_fe,0.0659685018457245,0.00119582523806381,0.0636246843791194,0.0683123193123296,0.070919619317477,0.069720779980541,0.0722498127492663,4958,0.865949752950418
1,0.04,paper,sigma_y,1.08699079651464,0.00297802703067707,1.08115386353451,1.09282772949477,0.0161214012923947,0.0117485914417403,0.0202767094412929,4958,0.87018897034742
1,0.04,paper,sigma_c_over_y,0.547423194195525,0.0019414167357834,0.543618017393389,0.55122837099766,0.0109771185404854,0.00693654404377568,0.0149236498529319,4958,0.87018897034742
1,0.04,paper,sigma_i_over_y,2.44713338208996,0.00581437299126401,2.43573721102708,2.45852955315283,0.0210575724601548,0.00945497148806389,0.0325438233969145,4958,0.87018897034742
1,0.04,paper,sigma_h_over_y,0.508470612338341,0.0018258937560006,0.50489186057658,0.512049364100102,0.0147080280547275,0.0109904297489907,0.0182777517040151,4958,0.87018897034742
1,0.04,paper,rho_dc,0.0321276374790596,0.00170546682202404,0.0287849225078925,0.0354703524502268,-0.0500139203614997,-0.0516661058368539,-0.0482452149274434,4958,0.87018897034742
1,0.04,paper,rho_dy,0.0563460812703649,0.00115853745631578,0.054075347855986,0.0586168146847439,0.0598293418432201,0.0590210179689755,0.0607566960274742,4958,0.87018897034742
1,0.04,paper,rho_di,0.112653937843012,0.0012893903234563,0.110126732809037,0.115181142876986,0.142198332335082,0.140517171449775,0.143938388470934,4958,0.87018897034742
1,0.04,paper,rho_wage_fe,0.13015237400631,0.00250051814961167,0.125251358433071,0.135053389579549,0.135103491478062,0.130897348350834,0.139476959741013,4958,0.87018897034742
2,0.002,RE,sigma_y,0.904987200014565,0.00138309385114314,0.902276336066324,0.907698063962806,0,0,0,5000,0
2,0.002,RE,sigma_c_over_y,0.831686936960217,2.2212951206113e-05,0.831643399575853,0.831730474344581,0,0,0,5000,0
2,0.002,RE,sigma_i_over_y,1.4961082908655,5.70554265639179e-05,1.49599646222943,1.49622011950156,0,0,0,5000,0
2,0.002,RE,sigma_h_over_y,0.306887213722195,2.99268981745646e-05,0.306828557001773,0.306945870442618,0,0,0,5000,0
2,0.002,RE,rho_dc,0.00990958346829432,0.00111090182280644,0.0077322158955937,0.0120869510409949,0,0,0,5000,0
2,0.002,RE,rho_dy,0.00125753195134946,0.00109764323621911,-0.000893848791639986,0.00340891269433892,0,0,0,5000,0
2,0.002,RE,rho_di,-0.00946840061852389,0.0010852397479701,-0.0115954705245453,-0.00734133071250249,0,0,0,5000,0
2,0.002,RE,rho_wage_fe,-0.00494976161140711,0.00109227855973992,-0.00709062758849736,-0.00280889563431686,0,0,0,5000,0
2,0.002,archive,sigma_y,0.903789699208195,0.00146442733544272,0.900919421630727,0.906659976785663,-0.00119750080637036,-0.00216714264285937,-0.000262073805583812,5000,0.2120353133881
2,0.002,archive,sigma_c_over_y,0.833525755133739,0.000358387092927618,0.832823316431601,0.834228193835877,0.00183881817352203,0.00117043178235078,0.00252976648936524,5000,0.2120353133881
2,0.002,archive,sigma_i_over_y,1.49072962965525,0.001065353886376,1.48864153603795,1.49281772327255,-0.00537866121024905,-0.00736096068581117,-0.00326607589542864,5000,0.2120353133881
2,0.002,archive,sigma_h_over_y,0.303558912596967,0.000656610426524619,0.302271956160979,0.304845869032956,-0.00332830112522812,-0.00453899793508371,-0.00209412905944098,5000,0.2120353133881
2,0.002,archive,rho_dc,0.0100028055043538,0.00111136332498103,0.00782453338739099,0.0121810776213166,9.32220360595087e-05,5.31917342574378e-05,0.000132659955984176,5000,0.2120353133881
2,0.002,archive,rho_dy,0.00220342238979815,0.00109840988172987,5.05390216076103e-05,0.00435630575798869,0.000945890438448691,0.000923584502222776,0.000969999910487918,5000,0.2120353133881
2,0.002,archive,rho_di,-0.00705407224505146,0.00108711281669485,-0.00918481336577336,-0.00492333112432956,0.00241432837347244,0.00235089834809491,0.00248070025770287,5000,0.2120353133881
2,0.002,archive,rho_wage_fe,0.000747895559368447,0.00109347646631311,-0.00139531831460524,0.00289110943334213,0.00569765717077556,0.0055341442512365,0.00586554565932339,5000,0.2120353133881
2,0.002,wage_proxy,sigma_y,1.80596641376208,0.00272246991302582,1.80063037273255,1.81130245479161,0.900979213747517,0.898104884827415,0.903636494854522,5000,2.03778604027625
2,0.002,wage_proxy,sigma_c_over_y,0.510197684445028,0.000165977995466255,0.509872367573914,0.510523001316142,-0.321489252515189,-0.321787190903007,-0.321177060965144,5000,2.03778604027625
2,0.002,wage_proxy,sigma_i_over_y,2.5036862340592,0.000405702143124568,2.50289105785868,2.50448141025973,1.0075779431937,1.00682158560587,1.00833051967037,5000,2.03778604027625
2,0.002,wage_proxy,sigma_h_over_y,0.932559605715489,0.000240280947747713,0.932088655057904,0.933030556373075,0.625672391993294,0.625239635943924,0.626117286186064,5000,2.03778604027625
2,0.002,wage_proxy,rho_dc,0.0235237323721194,0.00112050834426369,0.0213275360173625,0.0257199287268762,0.013614148903825,0.0134892392850099,0.0137406802978029,5000,2.03778604027625
2,0.002,wage_proxy,rho_dy,-0.0397912488847512,0.0010613103259828,-0.0418714171236775,-0.0377110806458249,-0.0410487808361006,-0.0414646760653321,-0.04066765466136,5000,2.03778604027625
2,0.002,wage_proxy,rho_di,-0.0556061184092394,0.00105572673010418,-0.0576753428002436,-0.0535368940182352,-0.0461377177907155,-0.0465561740726717,-0.0457144552180681,5000,2.03778604027625
2,0.002,wage_proxy,rho_wage_fe,0.0139469319260735,0.0011046415877526,0.0117818344140784,0.0161120294380686,0.0188966935374806,0.0186572431069917,0.0191385362129002,5000,2.03778604027625
2,0.002,paper,sigma_y,0.90393524585554,0.0013857566035941,0.901219162912495,0.906651328798584,-0.00105195415902468,-0.00118607551190576,-0.00091479106451651,5000,0.0262348535026311
2,0.002,paper,sigma_c_over_y,0.832397230440405,5.36005121851897e-05,0.832292173436522,0.832502287444288,0.000710293480187555,0.000606424047884318,0.000810721863151788,5000,0.0262348535026311
2,0.002,paper,sigma_i_over_y,1.49383542308401,0.000158093016543825,1.49352556077159,1.49414528539644,-0.00227286778148874,-0.0025683857426247,-0.00198507419533968,5000,0.0262348535026311
2,0.002,paper,sigma_h_over_y,0.305355251123342,9.77054594133957e-05,0.305163748422892,0.305546753823793,-0.00153196259885308,-0.00172584918106979,-0.0013487198217339,5000,0.0262348535026311
2,0.002,paper,rho_dc,0.0103153774302668,0.00111172413466785,0.0081363981263178,0.0124943567342158,0.000405793961972467,0.000397934965376547,0.000413356907907528,5000,0.0262348535026311
2,0.002,paper,rho_dy,0.00396784815654149,0.00109974629736084,0.00181234541371426,0.00612335089936873,0.00271031620519203,0.00268527181720565,0.00273387871697867,5000,0.0262348535026311
2,0.002,paper,rho_di,-0.0031514335516659,0.00108914574515624,-0.00528615921217214,-0.00101670789115966,0.00631696706685799,0.00626331685842984,0.00637368840896222,5000,0.0262348535026311
2,0.002,paper,rho_wage_fe,-0.00609631231115499,0.00109873789869703,-0.00824983859260117,-0.00394278602970881,-0.00114655069974788,-0.00127012068638773,-0.00102931812489316,5000,0.0262348535026311
2,0.04,RE,sigma_y,0.904987200014565,0.00138309385114314,0.902276336066324,0.907698063962806,0,0,0,5000,0
2,0.04,RE,sigma_c_over_y,0.831686936960217,2.2212951206113e-05,0.831643399575853,0.831730474344581,0,0,0,5000,0
2,0.04,RE,sigma_i_over_y,1.4961082908655,5.70554265639179e-05,1.49599646222943,1.49622011950156,0,0,0,5000,0
2,0.04,RE,sigma_h_over_y,0.306887213722195,2.99268981745646e-05,0.306828557001773,0.306945870442618,0,0,0,5000,0
2,0.04,RE,rho_dc,0.00990958346829432,0.00111090182280644,0.0077322158955937,0.0120869510409949,0,0,0,5000,0
2,0.04,RE,rho_dy,0.00125753195134946,0.00109764323621911,-0.000893848791639986,0.00340891269433892,0,0,0,5000,0
2,0.04,RE,rho_di,-0.00946840061852389,0.0010852397479701,-0.0115954705245453,-0.00734133071250249,0,0,0,5000,0
2,0.04,RE,rho_wage_fe,-0.00494976161140711,0.00109227855973992,-0.00709062758849736,-0.00280889563431686,0,0,0,5000,0
2,0.04,archive,sigma_y,NaN,NaN,NaN,NaN,NaN,NaN,NaN,0,NaN
2,0.04,archive,sigma_c_over_y,NaN,NaN,NaN,NaN,NaN,NaN,NaN,0,NaN
2,0.04,archive,sigma_i_over_y,NaN,NaN,NaN,NaN,NaN,NaN,NaN,0,NaN
2,0.04,archive,sigma_h_over_y,NaN,NaN,NaN,NaN,NaN,NaN,NaN,0,NaN
2,0.04,archive,rho_dc,NaN,NaN,NaN,NaN,NaN,NaN,NaN,0,NaN
2,0.04,archive,rho_dy,NaN,NaN,NaN,NaN,NaN,NaN,NaN,0,NaN
2,0.04,archive,rho_di,NaN,NaN,NaN,NaN,NaN,NaN,NaN,0,NaN
2,0.04,archive,rho_wage_fe,NaN,NaN,NaN,NaN,NaN,NaN,NaN,0,NaN
2,0.04,wage_proxy,sigma_y,1.93867334010776,0.00437238374279584,1.93010346797188,1.94724321224364,1.03368614009319,1.02717525436004,1.04007691152337,5000,2.33291894965757
2,0.04,wage_proxy,sigma_c_over_y,0.490371491230271,0.000379333319369497,0.489627997924307,0.491114984536236,-0.341315445729946,-0.342051650423429,-0.340551320983457,5000,2.33291894965757
2,0.04,wage_proxy,sigma_i_over_y,2.56538744115837,0.00133374523331404,2.56277330050107,2.56800158181567,1.06927915029287,1.06659276930008,1.07185619639452,5000,2.33291894965757
2,0.04,wage_proxy,sigma_h_over_y,0.969824411160288,0.000836779928690454,0.968184322500054,0.971464499820521,0.662937197438092,0.66124603722667,0.664555468713244,5000,2.33291894965757
2,0.04,wage_proxy,rho_dc,0.0380862162566783,0.00112510883834213,0.0358810029335277,0.0402914295798289,0.028176632788384,0.0279759083495269,0.0283790070191565,5000,2.33291894965757
2,0.04,wage_proxy,rho_dy,0.00318767351486698,0.00105314343206869,0.00112351238801235,0.00525183464172161,0.00193014156351752,0.00122022310566205,0.00267755093305456,5000,2.33291894965757
2,0.04,wage_proxy,rho_di,0.00379300190788351,0.00106332895246122,0.00170887716105953,0.0058771266547075,0.0132614025264074,0.0124747034043864,0.0140798696868831,5000,2.33291894965757
2,0.04,wage_proxy,rho_wage_fe,0.0600854750141005,0.00103856377463887,0.0580498900158083,0.0621210600123927,0.0650352366255077,0.0640726668632074,0.0660515564284076,5000,2.33291894965757
2,0.04,paper,sigma_y,0.900441717069168,0.0014941697643278,0.897513144331086,0.903370289807251,-0.00454548294539708,-0.00510823857806253,-0.00395014594755348,5000,0.123163145456269
2,0.04,paper,sigma_c_over_y,0.834176738417082,0.000213734451876901,0.833757818891403,0.834595657942761,0.00248980145686463,0.00207148159290455,0.00290840020739726,5000,0.123163145456269
2,0.04,paper,sigma_i_over_y,1.49563009153502,0.000620845380649948,1.49441323458895,1.4968469484811,-0.000478199330479395,-0.00167579635152254,0.000666727633006798,5000,0.123163145456269
2,0.04,paper,sigma_h_over_y,0.311816467192352,0.000367508972354971,0.311096149606536,0.312536784778168,0.00492925347015665,0.00419156648861835,0.00564849592048884,5000,0.123163145456269
2,0.04,paper,rho_dc,0.0185068603158674,0.00111974284368156,0.0163121643422516,0.0207015562894833,0.00859727684757312,0.00853532301519814,0.00865879736983226,5000,0.123163145456269
2,0.04,paper,rho_dy,0.057359697021382,0.00111085843272438,0.0551824144932422,0.0595369795495218,0.0561021650700326,0.055820944452575,0.0563861594505447,5000,0.123163145456269
2,0.04,paper,rho_di,0.127976133562303,0.00109077517434342,0.12583821422059,0.130114052904016,0.137444534180827,0.136770623447885,0.138119104943288,5000,0.123163145456269
2,0.04,paper,rho_wage_fe,0.00570588115364917,0.00127368373003401,0.00320946104278251,0.00820230126451584,0.0106556427650563,0.00981461075868888,0.0114541565798746,5000,0.123163145456269
